date,aircraft_id,y_true,y_pred,base_value,top_5_drivers
2026-01-18,AC_0034,0.0,4.906590152558192,6.134622274157558,"[('num__environment_stress', -2.2640965987632593), ('num__flight_hours', 1.171888232660265), ('num__environment_stress_mean_7d', -1.0687708805178324), ('cat__role_ISR', 0.9206797141090974), ('num__mission_intensity_mean_30d', -0.900389515069419)]"
2026-01-19,AC_0034,0.0,17.57137005744514,6.134622274157558,"[('num__flight_hours', 2.654675320874151), ('num__mission_intensity_mean_7d', 2.570625628066024), ('num__base_stockout_rate', 1.9056911174853794), ('num__base_mean_eta', -1.6782756916945878), ('num__environment_stress_mean_30d', 1.3679143508189204)]"
2026-01-20,AC_0034,0.0,9.852268587026538,6.134622274157558,"[('num__base_mean_eta', 3.7905318908508367), ('num__flight_hours', -3.0890483173334737), ('num__mission_intensity_mean_7d', 2.171457211142047), ('cat__base_BASE_C', 1.107805930615466), ('num__environment_stress', -0.8846795156278163)]"
2026-01-21,AC_0034,0.0,19.52108604076176,6.134622274157558,"[('num__mission_intensity', 2.6852800833791917), ('num__flight_hours_sum_14d', 2.468431148719744), ('num__flight_hours', 1.9492750477375598), ('num__environment_stress_mean_30d', 1.7329354582386078), ('num__base_mean_eta', 1.635918419419845)]"
2026-01-22,AC_0034,0.0,8.365282496526577,6.134622274157558,"[('num__mission_intensity_mean_7d', -1.621028661603713), ('num__environment_stress_mean_7d', 1.6123470599199168), ('num__base_mean_eta', -1.4649157450188548), ('num__environment_stress_mean_30d', 1.3862918061614173), ('num__base_stockout_rate', 1.1430248610275704)]"
2026-01-23,AC_0034,0.0,3.968214713471477,6.134622274157558,"[('num__base_stockout_rate', -2.653287201842198), ('num__environment_stress_mean_30d', 1.556295032187156), ('num__mission_intensity', -1.0998582990650962), ('num__mission_intensity_mean_7d', -1.0446961186882389), ('num__flight_hours_sum_14d', 0.826085623366621)]"
2026-01-24,AC_0034,0.0,0.28744900303907384,6.134622274157558,"[('num__flight_hours', -3.624633184226704), ('num__mission_intensity', -1.179068594586133), ('num__mission_intensity_mean_7d', -1.0761709751795032), ('num__environment_stress_mean_14d', -0.8112102058399604), ('num__base_mean_eta', 0.7357876596208324)]"
2026-01-25,AC_0034,0.0,14.49719160344776,6.134622274157558,"[('num__environment_stress', 4.193492656427591), ('num__base_mean_eta', -1.893130055209334), ('num__environment_stress_mean_14d', -1.8041830502311678), ('num__flight_hours_sum_14d', 1.6708993944070913), ('num__base_stockout_rate', 1.5614312104989632)]"
2026-01-26,AC_0034,0.0,4.097345923601205,6.134622274157558,"[('num__base_mean_eta', -2.2320057018567336), ('num__environment_stress', -2.0617726275234585), ('num__environment_stress_mean_30d', 1.254333847207005), ('num__flight_hours_sum_30d', -0.8786370359722923), ('num__mission_intensity_mean_7d', 0.8620201585216144)]"
2026-01-27,AC_0034,0.0,12.129614375913324,6.134622274157558,"[('num__base_mean_eta', 5.36711394333685), ('num__base_stockout_rate', -1.1856453025578617), ('num__flight_hours', 1.0347346017350822), ('num__mission_intensity_mean_30d', -0.9559208716914358), ('cat__role_ISR', 0.954999278517189)]"
2026-01-28,AC_0034,0.0,1.6433228032849856,6.134622274157558,"[('num__base_mean_eta', -5.216164774305861), ('num__base_stockout_rate', 3.04807699636008), ('num__flight_hours', -1.7232654425362273), ('num__mission_intensity_mean_14d', -1.0663902343330791), ('num__mission_intensity_mean_30d', -0.8346434741602126)]"
2026-01-29,AC_0034,0.0,13.117170795034209,6.134622274157558,"[('num__base_mean_eta', 7.590585506509933), ('num__base_stockout_rate', -2.5565462468205324), ('num__mission_intensity_mean_7d', 1.3788887002797914), ('num__environment_stress_mean_14d', 1.146960273320947), ('num__mission_intensity', 0.7647151191708342)]"
2026-01-30,AC_0034,0.0,17.85781475794256,6.134622274157558,"[('num__environment_stress', 4.636272675013271), ('num__base_mean_eta', 2.2787420355904975), ('num__base_stockout_rate', 2.115234495766214), ('num__flight_hours_sum_14d', 1.28693680939835), ('num__environment_stress_mean_14d', 1.2820372115518033)]"
2026-01-31,AC_0034,0.0,0.6490165370539236,6.134622274157558,"[('num__flight_hours_sum_30d', -2.1461100162001534), ('num__base_mean_eta', -1.6407971630343878), ('num__mission_intensity_mean_7d', -1.346194833880016), ('num__mission_intensity', -1.1696330858709756), ('num__mission_intensity_mean_30d', -1.1511717605679452)]"
2026-02-01,AC_0034,28.08,5.380313771251076,6.134622274157558,"[('num__flight_hours_sum_30d', -2.1524580097551014), ('num__base_mean_eta', -1.8579810314709213), ('num__environment_stress_mean_30d', 0.9754642192491993), ('num__mission_intensity_mean_30d', -0.9129830845270333), ('num__environment_stress_mean_7d', 0.7804775620330635)]"
2026-02-02,AC_0034,0.0,2.587430793146088,6.134622274157558,"[('num__base_mean_eta', -3.7533862859522635), ('num__base_stockout_rate', 2.2434536666787923), ('num__flight_hours_sum_30d', -1.8720424641982811), ('num__mission_intensity_mean_7d', 1.195609911752862), ('num__mission_intensity_mean_14d', -1.0635084277056304)]"
2026-02-03,AC_0034,0.0,7.9867091788918945,6.134622274157558,"[('num__mission_intensity_mean_7d', 2.5744512087776075), ('num__flight_hours_sum_30d', -2.4918293070861095), ('num__environment_stress', -2.443433788218635), ('cat__role_ISR', 0.8711163881894814), ('num__mission_intensity_mean_14d', 0.8028639301549415)]"
2026-02-04,AC_0034,0.0,7.534951922841957,6.134622274157558,"[('num__base_stockout_rate', -2.91319678197812), ('num__flight_hours_sum_30d', -2.0868102724760744), ('num__mission_intensity_mean_14d', 1.325603429786409), ('cat__base_BASE_C', 1.3039901004555763), ('cat__role_ISR', 1.0500836188144778)]"
2026-02-05,AC_0034,0.0,4.277575488308973,6.134622274157558,"[('num__flight_hours_sum_30d', -3.1942441230474454), ('num__base_mean_eta', -2.0878668009749486), ('num__mission_intensity_mean_14d', 1.3972450952675748), ('num__environment_stress_mean_7d', 0.8365396380666074), ('num__mission_intensity', 0.7981078072692809)]"
2026-02-06,AC_0034,0.0,7.575046082572905,6.134622274157558,"[('num__flight_hours_sum_30d', -2.3309552505360647), ('num__mission_intensity_mean_14d', 1.5032521838447235), ('num__base_mean_eta', 1.175464141749398), ('num__flight_hours', 1.104568609725503), ('num__flight_hours_sum_7d', -0.832480985089904)]"
2026-01-08,AC_0035,0.0,-0.3174497691802002,6.134622274157558,"[('num__base_mean_eta', -2.2308059553659927), ('num__environment_stress', 2.1674937924183846), ('num__flight_hours', -1.9443214338488897), ('num__environment_stress_mean_7d', -1.168914373042676), ('num__flight_hours_sum_14d', -1.1542671429648694)]"
2026-01-09,AC_0035,0.0,11.14906360434535,6.134622274157558,"[('num__base_mean_eta', 8.615576801912106), ('num__environment_stress_mean_30d', -2.0008364681608186), ('num__flight_hours_sum_7d', 1.255003367031557), ('num__base_stockout_rate', -1.214472454661398), ('num__mission_intensity_mean_30d', -0.8113941518082374)]"
2026-01-10,AC_0035,16.36,2.857091839081542,6.134622274157558,"[('num__mission_intensity', -1.8158043595961053), ('num__environment_stress_mean_7d', -1.6739104331334635), ('num__flight_hours_sum_7d', 1.3995115237944145), ('num__flight_hours', -0.8484119782311617), ('num__flight_hours_sum_30d', 0.6852680646469573)]"
2026-01-11,AC_0035,0.0,8.129561496577292,6.134622274157558,"[('num__environment_stress', -2.2614099345422973), ('num__flight_hours_sum_7d', 2.2453360590104285), ('num__mission_intensity_mean_7d', 1.7116006380591111), ('num__environment_stress_mean_14d', 1.3006378914499075), ('num__base_mean_eta', -1.1215759040852318)]"
2026-01-12,AC_0035,0.0,16.83234988118335,6.134622274157558,"[('num__environment_stress_mean_14d', 3.2903504792442684), ('num__base_mean_eta', 3.098254285270429), ('num__base_stockout_rate', 2.5472905801311154), ('num__mission_intensity_mean_7d', 1.9484904723909304), ('num__flight_hours_sum_7d', -1.7983561550235114)]"
2026-01-13,AC_0035,0.0,5.203192815571616,6.134622274157558,"[('num__flight_hours_sum_14d', -2.2015690834845225), ('num__mission_intensity_mean_7d', 2.0545994378968717), ('num__environment_stress_mean_14d', 1.5154920707322124), ('num__mission_intensity_mean_30d', -1.472275481789962), ('cat__base_BASE_C', -1.3463271709034372)]"
2026-01-14,AC_0035,0.0,10.4442829682747,6.134622274157558,"[('num__mission_intensity_mean_7d', 2.434626531317691), ('num__base_mean_eta', -1.4516558228413359), ('num__environment_stress_mean_7d', 1.3474455445359281), ('num__environment_stress_mean_14d', 1.3428175945160141), ('cat__base_BASE_C', -1.1573018900792649)]"
2026-01-15,AC_0035,0.0,5.57828250140738,6.134622274157558,"[('num__environment_stress', 3.498785554801385), ('num__base_mean_eta', -2.0779532728226937), ('cat__base_BASE_C', -1.35236939329275), ('num__mission_intensity', 0.9740503343583576), ('num__eta_days_mean_30d', 0.9104939720425286)]"
2026-01-16,AC_0035,39.98,14.952905773512002,6.134622274157558,"[('num__base_mean_eta', 5.134481617755017), ('num__mission_intensity_mean_7d', 2.256388660771326), ('num__base_stockout_rate', -1.6884239261186837), ('num__eta_days_mean_30d', 0.9315881537057622), ('num__mission_intensity_mean_14d', 0.8889862096071586)]"
2026-01-17,AC_0035,0.0,10.524095616951262,6.134622274157558,"[('num__base_mean_eta', 3.398205988459168), ('num__mission_intensity_mean_30d', -1.7240399185856008), ('num__mission_intensity_mean_14d', -1.6698913668961721), ('num__base_stockout_rate', 1.6338766485670968), ('num__flight_hours_sum_14d', -1.5767969331882912)]"
2026-01-18,AC_0035,0.0,0.8767536117741768,6.134622274157558,"[('num__base_mean_eta', -3.225870817885662), ('num__environment_stress', -1.7414038024831133), ('num__mission_intensity_mean_30d', -1.4233101336148615), ('num__eta_days_mean_30d', 1.2846727234552886), ('cat__base_BASE_C', -1.1395715929969894)]"
2026-01-19,AC_0035,0.0,3.163351240151393,6.134622274157558,"[('num__mission_intensity_mean_30d', -1.3887143628661451), ('num__environment_stress_mean_14d', 1.1822081727140048), ('num__eta_days_mean_30d', 0.9939550346185846), ('num__flight_hours_sum_14d', -0.8405880654683188), ('num__flight_hours_sum_30d', 0.8029845893535591)]"
2026-01-20,AC_0035,0.0,8.862566766520867,6.134622274157558,"[('num__base_mean_eta', 2.016558706025198), ('num__eta_days_mean_30d', 1.129369661612295), ('num__mission_intensity_mean_7d', 0.8743111856594913), ('num__flight_hours_sum_30d', 0.8596172242705157), ('num__mission_intensity_mean_30d', -0.8236217285390701)]"
2026-01-21,AC_0035,0.0,10.655309310357204,6.134622274157558,"[('num__flight_hours_sum_14d', 1.7766326840053472), ('num__mission_intensity_mean_7d', 1.6804379835525594), ('num__flight_hours_sum_30d', 1.3549638347141224), ('num__environment_stress_mean_14d', 1.3503222089882967), ('num__base_mean_eta', -1.3189415907954711)]"
2026-01-22,AC_0035,0.0,14.010246449601341,6.134622274157558,"[('num__base_mean_eta', 2.3932712307043), ('num__mission_intensity_mean_7d', 1.538801406194813), ('num__flight_hours_sum_30d', 1.475776313835055), ('cat__base_BASE_C', -1.1283054846187848), ('num__mission_intensity', 1.0974178867470241)]"
2026-01-23,AC_0035,0.0,9.695174286172563,6.134622274157558,"[('num__mission_intensity_mean_7d', 2.190996173612619), ('cat__base_BASE_C', -1.5767039347866523), ('num__base_mean_eta', -1.259379571777118), ('num__flight_hours_sum_14d', 1.0964955313086522), ('num__eta_days_mean_30d', 1.0441592692059551)]"
2026-01-24,AC_0035,0.0,13.5504984202305,6.134622274157558,"[('num__base_mean_eta', 2.405806172746123), ('num__mission_intensity_mean_7d', 2.21535655012369), ('cat__base_BASE_C', -1.8577140137783859), ('num__environment_stress_mean_14d', 1.294632187207998), ('num__eta_days_mean_30d', 1.221499261253171)]"
2026-01-25,AC_0035,0.0,9.785080056576462,6.134622274157558,"[('num__mission_intensity_mean_7d', 1.3104104976730444), ('num__base_mean_eta', 1.164135148891373), ('num__eta_days_mean_30d', 1.1113730534851134), ('num__mission_intensity', 0.9728902515665152), ('num__flight_hours_sum_14d', 0.9279924485876883)]"
2026-01-26,AC_0035,0.0,9.362329344171927,6.134622274157558,"[('num__environment_stress', -2.002855971827072), ('num__flight_hours_sum_14d', 1.598088300938412), ('num__mission_intensity_mean_14d', 1.387504440315975), ('num__base_mean_eta', 1.3293400910546593), ('num__environment_stress_mean_30d', -1.1403454054651332)]"
2026-01-27,AC_0035,0.0,7.016592378004332,6.134622274157558,"[('num__environment_stress', 4.093717840634834), ('num__flight_hours', -2.503045323945973), ('num__environment_stress_mean_14d', 1.261987144246104), ('num__mission_intensity', -0.8865356176728257), ('num__eta_days_mean_30d', 0.8443410146600396)]"
2026-01-28,AC_0035,0.0,6.192009786570057,6.134622274157558,"[('num__base_stockout_rate', -2.7868600405544424), ('num__mission_intensity_mean_7d', 2.2789035553541783), ('num__environment_stress', -1.947940474795618), ('num__mission_intensity', 1.413611086988235), ('num__environment_stress_mean_14d', 1.325745817360723)]"
2026-01-29,AC_0035,0.0,5.172476874399373,6.134622274157558,"[('num__base_mean_eta', -4.488687600883182), ('num__mission_intensity_mean_7d', 2.3625173814408864), ('num__environment_stress_mean_14d', 2.2555087549141364), ('num__base_stockout_rate', -1.7828651903771877), ('num__environment_stress', 1.174184841495554)]"
2026-01-30,AC_0035,0.0,20.501950387603653,6.134622274157558,"[('num__base_mean_eta', 10.55824763037403), ('num__mission_intensity_mean_7d', 1.7394667443596181), ('num__environment_stress_mean_14d', 1.5791455462423305), ('num__mission_intensity_mean_30d', -1.4195677091086252), ('num__flight_hours_sum_7d', 0.8738170928452262)]"
2026-01-31,AC_0035,0.0,2.1904562494654836,6.134622274157558,"[('num__base_stockout_rate', -3.423225835679205), ('cat__base_BASE_C', -2.054607692602382), ('num__eta_days_mean_30d', 1.3516779361825884), ('num__environment_stress_mean_14d', 1.0540493409414935), ('num__mission_intensity_mean_30d', -0.8732563830530454)]"
2026-02-01,AC_0035,28.08,5.365580770638222,6.134622274157558,"[('num__environment_stress', -2.2152091445511983), ('num__mission_intensity', 1.7204740892095929), ('num__eta_days_mean_30d', 1.2169478528921316), ('num__flight_hours', 1.1730238635036352), ('num__environment_stress_mean_30d', -1.1719803432617903)]"
2026-02-02,AC_0035,0.0,8.498912629022511,6.134622274157558,"[('num__environment_stress', 3.3885012355319493), ('num__flight_hours', -2.661496793216212), ('num__environment_stress_mean_14d', 2.5382540677746546), ('num__base_stockout_rate', -2.1093047940971514), ('num__flight_hours_sum_14d', 1.5466039751657201)]"
2026-02-03,AC_0035,0.0,5.154050525489842,6.134622274157558,"[('num__base_stockout_rate', -2.4921814843815113), ('num__mission_intensity_mean_7d', 2.4787364116285633), ('num__base_mean_eta', -2.279565764914996), ('num__environment_stress_mean_14d', 1.3316366302083844), ('num__mission_intensity', 1.3220246910321725)]"
2026-02-04,AC_0035,0.0,4.159090163877119,6.134622274157558,"[('num__eta_days_mean_30d', 1.5660404438407804), ('cat__base_BASE_C', -1.49129862331268), ('num__environment_stress', -1.490462233925807), ('num__flight_hours_sum_14d', 1.1817158177961329), ('num__environment_stress_mean_7d', -1.1230577431696696)]"
2026-02-05,AC_0035,0.0,1.8093919798024038,6.134622274157558,"[('num__base_stockout_rate', -2.4286770994316935), ('cat__base_BASE_C', -1.6501353245242327), ('num__eta_days_mean_30d', 1.2887992965008728), ('num__mission_intensity', -1.2723203065383664), ('num__environment_stress', 1.1755496636342095)]"
2026-02-06,AC_0035,0.0,4.435304807030587,6.134622274157558,"[('num__flight_hours', -2.4033470758692386), ('num__base_mean_eta', 1.8962156646684962), ('cat__base_BASE_C', -1.7598845581813307), ('num__eta_days_mean_30d', 1.044989132011543), ('num__mission_intensity_mean_7d', -1.0249972835596786)]"
2026-01-08,AC_0036,0.0,4.393923045987479,6.134622274157558,"[('num__base_mean_eta', -3.1598567124201833), ('num__mission_intensity_mean_14d', -1.9586134830639503), ('num__environment_stress_mean_30d', 1.5791721290314626), ('num__environment_stress', 1.012622943452837), ('num__flight_hours', -0.8285246714636438)]"
2026-01-09,AC_0036,0.0,11.467567028582557,6.134622274157558,"[('num__flight_hours_sum_7d', 2.3882761226802565), ('num__environment_stress', 2.3093848077920764), ('num__base_stockout_rate', 1.9062606469868923), ('num__mission_intensity_mean_30d', -1.1507670865412096), ('num__environment_stress_mean_30d', -1.0617522929853307)]"
2026-01-10,AC_0036,0.0,9.616671758208623,6.134622274157558,"[('num__base_mean_eta', 5.053148080444865), ('num__flight_hours', 2.5043157822790887), ('num__environment_stress_mean_7d', -2.1199622160914977), ('num__environment_stress_mean_30d', -1.677321645702516), ('cat__base_BASE_C', 1.1805168390979885)]"
2026-01-11,AC_0036,0.0,9.602199410096729,6.134622274157558,"[('num__base_stockout_rate', -2.5621926268988973), ('num__environment_stress_mean_7d', 1.7193733862961094), ('num__base_mean_eta', 1.422332882802357), ('num__flight_hours_sum_14d', 1.0283285692200559), ('num__environment_stress_mean_14d', -0.6992815562764221)]"
2026-01-12,AC_0036,0.0,12.532334242844057,6.134622274157558,"[('num__base_mean_eta', 3.0046425000534556), ('num__mission_intensity_mean_7d', 2.2536963655271216), ('num__base_stockout_rate', 1.3272093106351674), ('num__environment_stress_mean_7d', -1.102271490710968), ('num__environment_stress', -0.9277407862011384)]"
2026-01-13,AC_0036,0.0,0.37665241068360006,6.134622274157558,"[('num__base_stockout_rate', -2.6939699274864637), ('num__environment_stress', -1.857881740661888), ('num__mission_intensity', 0.8658891522437997), ('num__flight_hours', -0.8447209042274473), ('num__mission_intensity_mean_7d', -0.6441035065609623)]"
2026-01-14,AC_0036,0.0,2.817383639667818,6.134622274157558,"[('num__base_stockout_rate', -4.302929706869247), ('num__mission_intensity_mean_7d', 1.8664320295494576), ('num__base_mean_eta', -1.3974672672564077), ('num__mission_intensity', 1.0181862465820837), ('num__flight_hours_sum_30d', 0.8893547283700416)]"
2026-01-15,AC_0036,0.0,3.758547033748028,6.134622274157558,"[('num__base_mean_eta', -4.678309206344984), ('num__environment_stress_mean_7d', 1.1679819233240827), ('num__mission_intensity', 1.0404315214308035), ('num__flight_hours_sum_30d', 1.0016615682449934), ('cat__base_BASE_C', 0.7392857681741902)]"
2026-01-16,AC_0036,39.98,8.737522502834496,6.134622274157558,"[('num__base_stockout_rate', 1.9342125626691125), ('num__base_mean_eta', -1.8316060570260286), ('num__flight_hours_sum_30d', 1.2149911576035577), ('num__environment_stress_mean_30d', 1.0081600039726728), ('num__mission_intensity', -0.856522047446316)]"
2026-01-17,AC_0036,0.0,15.382497826585942,6.134622274157558,"[('num__base_mean_eta', 3.6884822054734845), ('num__base_stockout_rate', 1.8212828938571248), ('num__mission_intensity_mean_7d', -1.6583030266574659), ('num__flight_hours_sum_14d', 1.5547135899760254), ('num__environment_stress_mean_7d', 1.299253880182769)]"
2026-01-18,AC_0036,0.0,10.098555419528696,6.134622274157558,"[('num__environment_stress', -2.4370180798495675), ('num__environment_stress_mean_14d', 2.181527402100156), ('num__flight_hours_sum_30d', 1.3434143458635752), ('num__mission_intensity_mean_7d', -1.295181310822951), ('num__flight_hours_sum_14d', 1.1808593581567202)]"
2026-01-19,AC_0036,0.0,7.719184217179752,6.134622274157558,"[('num__base_mean_eta', -1.696323201151251), ('num__base_stockout_rate', 1.6554093398265222), ('num__flight_hours_sum_30d', 0.926272434427826), ('num__mission_intensity_mean_7d', -0.8640784157314726), ('num__environment_stress_mean_7d', -0.8632953094207456)]"
2026-01-20,AC_0036,0.0,18.33679305182439,6.134622274157558,"[('num__environment_stress', 5.740880900492852), ('num__base_mean_eta', 3.1215817482659434), ('num__environment_stress_mean_14d', 1.7683992767419594), ('cat__base_BASE_C', 1.6503224285993208), ('num__flight_hours_sum_30d', 0.9060450734171367)]"
2026-01-21,AC_0036,0.0,18.046011195239384,6.134622274157558,"[('num__base_stockout_rate', 3.9105536544409105), ('num__environment_stress', 3.592359617048086), ('num__environment_stress_mean_14d', 2.0816873251875374), ('num__environment_stress_mean_30d', 1.925457987244205), ('num__mission_intensity_mean_7d', -1.1660498157736094)]"
2026-01-22,AC_0036,0.0,3.9134406103812633,6.134622274157558,"[('num__environment_stress', -2.1573439129659953), ('num__mission_intensity_mean_7d', -1.0954107607005328), ('num__environment_stress_mean_14d', 0.7769570903986232), ('num__base_mean_eta', -0.760541479014071), ('num__flight_hours', 0.6291496799258854)]"
2026-01-23,AC_0036,0.0,0.010768480109183003,6.134622274157558,"[('num__base_stockout_rate', -3.196215601709123), ('num__mission_intensity', -2.106690438590602), ('num__mission_intensity_mean_7d', -0.7734792679033519), ('num__flight_hours', 0.721927844217609), ('num__environment_stress_mean_7d', -0.6433287415750336)]"
2026-01-24,AC_0036,0.0,6.856496651590375,6.134622274157558,"[('num__environment_stress', -3.6771947804280614), ('num__flight_hours', 2.2462063460763795), ('num__base_mean_eta', 1.3786854159676665), ('num__environment_stress_mean_7d', -1.2304601416177379), ('cat__base_BASE_C', 0.7356536027335322)]"
2026-01-25,AC_0036,0.0,3.5328859445719956,6.134622274157558,"[('num__base_mean_eta', -2.491827974244396), ('num__environment_stress', 2.3787961893132996), ('num__environment_stress_mean_14d', 2.1526055944546125), ('num__flight_hours', -1.4166427993981137), ('num__mission_intensity', -0.9065768704132743)]"
2026-01-26,AC_0036,0.0,6.626947207873937,6.134622274157558,"[('num__flight_hours', 2.3975342559951045), ('num__base_mean_eta', -2.2071571842249385), ('num__environment_stress_mean_14d', 0.9097955149419161), ('num__environment_stress', -0.7545604923659037), ('num__flight_hours_sum_30d', -0.7234170231659409)]"
2026-01-27,AC_0036,0.0,2.7926526173931387,6.134622274157558,"[('num__base_mean_eta', 4.716199722680336), ('num__environment_stress', -2.147496278117049), ('num__base_stockout_rate', -1.9557241810700299), ('num__flight_hours', -1.3747317190348103), ('num__mission_intensity_mean_7d', -1.1199489063379344)]"
2026-01-28,AC_0036,0.0,4.47237040048617,6.134622274157558,"[('num__base_mean_eta', -3.9900002572987123), ('num__base_stockout_rate', 3.209938118999057), ('num__mission_intensity_mean_7d', -1.6902900382771469), ('num__environment_stress', -1.2231283802069748), ('num__mission_intensity_mean_30d', 1.1558272690816285)]"
2026-01-29,AC_0036,0.0,7.1095261793500475,6.134622274157558,"[('num__base_mean_eta', 8.275933625585699), ('num__base_stockout_rate', -2.6149027862937335), ('num__flight_hours', -1.2766258374392239), ('num__mission_intensity_mean_14d', -1.1070059959499041), ('num__environment_stress', 0.9013928694157043)]"
2026-01-30,AC_0036,0.0,7.465132256716061,6.134622274157558,"[('num__base_stockout_rate', 2.756896670953408), ('num__base_mean_eta', 2.0751210166275897), ('num__environment_stress_mean_14d', -1.6455497361409865), ('num__environment_stress_mean_7d', -1.4180280841366868), ('cat__base_BASE_A', 1.2181778179723837)]"
2026-01-31,AC_0036,0.0,5.739471348089563,6.134622274157558,"[('num__environment_stress_mean_7d', 3.1650928827666225), ('num__base_mean_eta', -1.8006172812816585), ('num__flight_hours', -1.1396899669196445), ('num__flight_hours_sum_30d', -0.9197046421290384), ('num__environment_stress_mean_30d', 0.8163824948857321)]"
2026-02-01,AC_0036,28.08,-2.2012276494382417,6.134622274157558,"[('num__environment_stress', -2.73624854487668), ('num__base_mean_eta', -2.2944882123462533), ('num__mission_intensity_mean_30d', 1.0035114413928787), ('num__environment_stress_mean_14d', -0.7872798920691708), ('num__flight_hours', -0.7268880750366753)]"
2026-02-02,AC_0036,0.0,5.797894172600562,6.134622274157558,"[('num__base_mean_eta', -4.128369017600136), ('num__base_stockout_rate', 2.571619634426818), ('num__mission_intensity', 1.847465456758406), ('num__flight_hours_sum_7d', 1.4043538059724725), ('num__mission_intensity_mean_30d', 1.3269729343247116)]"
2026-02-03,AC_0036,0.0,-0.7859348966977724,6.134622274157558,"[('num__mission_intensity', -1.4654641887879634), ('num__flight_hours_sum_30d', -1.3919467820947462), ('num__environment_stress', -1.2643671897775615), ('num__environment_stress_mean_30d', -1.0443279597177848), ('num__mission_intensity_mean_30d', -0.8206584023708834)]"
2026-02-04,AC_0036,0.0,3.406307883042146,6.134622274157558,"[('num__base_stockout_rate', -2.2914196798039255), ('num__base_mean_eta', 1.6782134030035225), ('num__mission_intensity_mean_30d', 1.6214617691428654), ('num__flight_hours', -0.9175148745854255), ('num__environment_stress_mean_7d', -0.8091283465068635)]"
2026-02-05,AC_0036,0.0,2.5739362514067863,6.134622274157558,"[('num__flight_hours_sum_30d', -1.6610114939341387), ('num__base_mean_eta', -0.8460587141580693), ('num__environment_stress', 0.7327631957667848), ('num__flight_hours_sum_7d', 0.5932962195884469), ('num__flight_hours', 0.49289159690739953)]"
2026-02-06,AC_0036,0.0,10.866114731530502,6.134622274157558,"[('num__base_mean_eta', 3.085464769285296), ('num__mission_intensity_mean_7d', 2.878987739537602), ('num__environment_stress', -1.1152294800055775), ('num__environment_stress_mean_7d', -0.9031909518830278), ('cat__base_BASE_A', 0.7817046076332405)]"
2026-01-08,AC_0037,0.0,1.0271965552760778,6.134622274157558,"[('num__base_mean_eta', -3.0388284133702714), ('num__environment_stress_mean_14d', -1.578162062555998), ('num__flight_hours_sum_14d', -1.4600795839945289), ('num__mission_intensity_mean_7d', 0.9556996259652281), ('num__environment_stress', -0.9477313030895542)]"
2026-01-09,AC_0037,0.0,16.413062797317068,6.134622274157558,"[('num__flight_hours_sum_7d', 3.217147870586843), ('num__environment_stress_mean_7d', -1.9901977024991142), ('num__mission_intensity', 1.811916704880135), ('num__mission_intensity_mean_14d', 1.5654616183941055), ('num__mission_intensity_mean_7d', 1.457475539518123)]"
2026-01-10,AC_0037,0.0,14.730868545134204,6.134622274157558,"[('num__base_mean_eta', 4.715237404376287), ('num__flight_hours', 2.399544670248214), ('num__mission_intensity_mean_7d', 1.6662769212708186), ('num__flight_hours_sum_7d', -1.6017761100377341), ('num__environment_stress_mean_7d', -1.2788777534369733)]"
2026-01-11,AC_0037,0.0,7.331287047150457,6.134622274157558,"[('num__flight_hours', 3.265159554702852), ('num__base_stockout_rate', -3.0939677063398117), ('num__environment_stress', 1.4358694028904493), ('num__mission_intensity', -1.3567135691753787), ('cat__base_BASE_C', 0.8364925150492357)]"
2026-01-12,AC_0037,0.0,15.844437578534734,6.134622274157558,"[('num__base_mean_eta', 4.810455778552261), ('num__environment_stress', 1.681441588759892), ('num__base_stockout_rate', 1.6104356675884055), ('cat__base_BASE_C', 1.585427325874824), ('num__environment_stress_mean_7d', -1.1984351880036426)]"
2026-01-13,AC_0037,0.0,1.3066029688036953,6.134622274157558,"[('num__base_stockout_rate', -3.0674945553054775), ('num__environment_stress_mean_7d', -1.7677440643326319), ('num__environment_stress', 1.4918005015841547), ('num__mission_intensity_mean_7d', -1.4883525495334535), ('num__mission_intensity_mean_30d', 1.3055961909476483)]"
2026-01-14,AC_0037,0.0,-0.4998591943584397,6.134622274157558,"[('num__base_stockout_rate', -3.5284294382856376), ('num__base_mean_eta', -2.250278991168919), ('num__mission_intensity_mean_30d', 1.3955506622702654), ('num__environment_stress_mean_7d', -1.3835383909032481), ('num__flight_hours', 1.36298859170271)]"
2026-01-15,AC_0037,0.0,1.2511863793765132,6.134622274157558,"[('num__base_mean_eta', -5.594480304560702), ('num__mission_intensity_mean_14d', -1.3747455498104828), ('num__mission_intensity_mean_7d', -1.2117326663878774), ('num__flight_hours_sum_30d', 1.025174484626105), ('num__environment_stress_mean_30d', 0.9746373865178366)]"
2026-01-16,AC_0037,39.98,9.271155861945338,6.134622274157558,"[('num__environment_stress', 2.2182178948293805), ('num__flight_hours', -1.6076673373462587), ('num__environment_stress_mean_7d', 1.5352519622684668), ('num__environment_stress_mean_14d', -1.4503180441414956), ('num__flight_hours_sum_30d', 1.4015404063485133)]"
2026-01-17,AC_0037,0.0,7.974902278807019,6.134622274157558,"[('num__base_mean_eta', 3.494606891270913), ('num__base_stockout_rate', 3.3071591181522466), ('num__mission_intensity_mean_7d', -1.4944369287201067), ('num__environment_stress_mean_7d', -1.074149517211075), ('num__mission_intensity', -0.988022821902234)]"
2026-01-18,AC_0037,0.0,5.708485926785163,6.134622274157558,"[('num__flight_hours', 2.442223910507525), ('num__environment_stress_mean_30d', 1.0276669006631138), ('num__environment_stress_mean_7d', -1.0067574293856485), ('cat__base_BASE_C', 0.9425040330376857), ('num__mission_intensity', -0.9063648792991004)]"
2026-01-19,AC_0037,5.51,14.789769953403368,6.134622274157558,"[('num__environment_stress', 2.449705249633533), ('num__flight_hours', 2.3039694788207394), ('num__base_stockout_rate', 1.5730919572965487), ('num__flight_hours_sum_7d', 1.549075754582903), ('num__environment_stress_mean_30d', 1.3648250260178818)]"
2026-01-20,AC_0037,0.0,17.120793286996097,6.134622274157558,"[('num__environment_stress', 4.146268828234758), ('num__base_mean_eta', 4.019743899690104), ('num__environment_stress_mean_7d', 2.6395468587106667), ('cat__base_BASE_C', 1.2161281447036323), ('num__mission_intensity_mean_30d', 0.7920506086455694)]"
2026-01-21,AC_0037,0.0,10.16830005997362,6.134622274157558,"[('num__environment_stress', 3.100616313336264), ('num__base_stockout_rate', 1.9188349872919126), ('num__mission_intensity_mean_30d', 1.8065850018493008), ('num__environment_stress_mean_30d', -1.4205544637712264), ('num__flight_hours_sum_14d', 1.330132215329981)]"
2026-01-22,AC_0037,0.0,1.5917103260224024,6.134622274157558,"[('num__environment_stress_mean_30d', -1.9847708474200791), ('num__base_mean_eta', -1.6489648454060029), ('num__mission_intensity_mean_30d', 1.2277588904962047), ('num__mission_intensity_mean_14d', -0.9336912784688044), ('num__mission_intensity_mean_7d', -0.9065701237575251)]"
2026-01-23,AC_0037,0.0,6.2839850757406435,6.134622274157558,"[('num__environment_stress_mean_7d', 2.5579518418017946), ('num__base_stockout_rate', -1.939819669153452), ('num__flight_hours', -1.8704392810609838), ('num__environment_stress_mean_30d', -1.6240705645493896), ('num__mission_intensity_mean_30d', 1.5890465830263407)]"
2026-01-24,AC_0037,0.0,15.398735840870858,6.134622274157558,"[('num__flight_hours', 2.6068413677965996), ('num__environment_stress_mean_7d', 2.557730858978409), ('num__base_mean_eta', 2.040070962450903), ('cat__base_BASE_C', 0.9447746771691947), ('num__environment_stress_mean_30d', 0.8228609775485488)]"
2026-01-25,AC_0037,0.0,8.828316241125053,6.134622274157558,"[('num__environment_stress', 3.016430068303144), ('num__base_mean_eta', -1.4046133398841925), ('num__mission_intensity_mean_14d', 1.293550719444112), ('num__base_stockout_rate', 1.0001783220779439), ('num__environment_stress_mean_14d', -0.9654738140775149)]"
2026-01-26,AC_0037,0.0,5.377604040062925,6.134622274157558,"[('num__base_mean_eta', -3.471279718477231), ('num__environment_stress', 2.3077063937076883), ('num__flight_hours', 1.5045783754956412), ('num__mission_intensity_mean_14d', 1.297909402922293), ('num__flight_hours_sum_30d', -1.1793295028851711)]"
2026-01-27,AC_0037,5.69,12.853020824025068,6.134622274157558,"[('num__base_mean_eta', 5.686972942809954), ('num__environment_stress_mean_7d', 2.773951505245102), ('num__flight_hours', 1.8784827346778377), ('num__base_stockout_rate', -1.8549032395453295), ('num__environment_stress_mean_30d', -1.4709808558047568)]"
2026-01-28,AC_0037,0.0,6.803696979983015,6.134622274157558,"[('num__base_mean_eta', -5.232185733562885), ('num__base_stockout_rate', 3.2001495096136177), ('num__mission_intensity_mean_7d', 1.9061535832415655), ('num__environment_stress_mean_30d', 1.642199946168779), ('num__mission_intensity', 1.3155868447731127)]"
2026-01-29,AC_0037,0.0,12.11318394150465,6.134622274157558,"[('num__base_mean_eta', 6.663534884641217), ('num__base_stockout_rate', -2.992625892009374), ('num__environment_stress_mean_30d', 1.7157559619752063), ('num__flight_hours_sum_7d', 1.2713725879129307), ('num__flight_hours_sum_30d', -0.961337457821616)]"
2026-01-30,AC_0037,0.0,20.6931982126159,6.134622274157558,"[('num__base_stockout_rate', 4.434881729229526), ('num__environment_stress', 3.1166730753435288), ('num__base_mean_eta', 2.9149337014129153), ('num__flight_hours_sum_14d', 1.6450076857649405), ('cat__base_BASE_A', 1.3605651552414384)]"
2026-01-31,AC_0037,0.0,2.228910157042938,6.134622274157558,"[('num__flight_hours_sum_30d', -2.207684207398329), ('num__base_mean_eta', -1.2796287062984057), ('num__environment_stress', 1.1632151908663326), ('num__flight_hours_sum_14d', 1.1201768743163631), ('num__mission_intensity_mean_30d', -0.8821895186374044)]"
2026-02-01,AC_0037,28.08,5.54652576629415,6.134622274157558,"[('num__flight_hours', 1.8083590814624337), ('num__environment_stress_mean_30d', 1.7827663085224943), ('num__base_mean_eta', -1.7374361471537376), ('num__flight_hours_sum_30d', -1.6398443186558447), ('num__mission_intensity', -1.0317001096651175)]"
2026-02-02,AC_0037,0.0,5.283554016950246,6.134622274157558,"[('num__base_mean_eta', -3.05422817566813), ('num__base_stockout_rate', 2.133223898074159), ('num__flight_hours_sum_30d', -2.0582705389355462), ('num__mission_intensity_mean_30d', 0.8451215132242191), ('num__environment_stress_mean_30d', 0.781820219188987)]"
2026-02-03,AC_0037,0.0,10.698569986946035,6.134622274157558,"[('num__flight_hours_sum_30d', -2.3789634350962765), ('num__base_mean_eta', 2.3607155684435184), ('num__mission_intensity', 2.1796111497340998), ('num__environment_stress_mean_30d', 1.2425062017522175), ('num__environment_stress', 1.2033156136878136)]"
2026-02-04,AC_0037,0.0,6.079310940933908,6.134622274157558,"[('num__base_stockout_rate', -2.4527923805836576), ('num__flight_hours_sum_30d', -1.82648550479049), ('num__base_mean_eta', 1.2458119999722093), ('cat__base_BASE_C', 1.0215875588523804), ('num__environment_stress_mean_30d', 0.972215096054936)]"
2026-02-05,AC_0037,0.0,3.0524196851418273,6.134622274157558,"[('num__base_mean_eta', -2.6532482924411807), ('num__environment_stress', 2.1777077795489905), ('num__flight_hours_sum_30d', -1.4821300326091058), ('num__mission_intensity', -1.2976606271271205), ('num__flight_hours', -1.0042800587155607)]"
2026-02-06,AC_0037,0.0,6.596445823515641,6.134622274157558,"[('num__flight_hours_sum_14d', 2.034727086085847), ('num__base_mean_eta', 1.8441870100168551), ('num__flight_hours_sum_30d', -1.2546036356970112), ('num__mission_intensity', -0.9538081755792038), ('num__environment_stress_mean_14d', -0.8987431950756021)]"
2026-01-08,AC_0038,31.9,4.521153415549111,6.134622274157558,"[('num__base_mean_eta', -2.931281165876554), ('num__environment_stress', -1.5771775777658334), ('num__environment_stress_mean_14d', -1.2788387097144531), ('num__mission_intensity', 1.0875306329030998), ('num__flight_hours_sum_7d', 1.0234428347934073)]"
2026-01-09,AC_0038,0.0,13.913134142358121,6.134622274157558,"[('num__base_stockout_rate', 2.471476766002001), ('num__environment_stress_mean_30d', 1.3794660376212504), ('num__environment_stress', 1.3196153872293015), ('cat__base_BASE_C', 1.1709763559616007), ('num__flight_hours_sum_30d', 1.1537548077950055)]"
2026-01-10,AC_0038,0.0,16.475824791164484,6.134622274157558,"[('num__base_mean_eta', 3.734757154949805), ('num__mission_intensity_mean_14d', 3.2706764941304467), ('num__environment_stress', -1.8777502628868321), ('num__mission_intensity', 0.9875112652858241), ('num__environment_stress_mean_14d', -0.8230693061527776)]"
2026-01-11,AC_0038,0.0,3.336093763016146,6.134622274157558,"[('num__base_stockout_rate', -3.9088867964021974), ('num__environment_stress', -2.9198237886696807), ('num__mission_intensity', 1.6744404191967248), ('num__mission_intensity_mean_30d', 0.7714967651355054), ('num__mission_intensity_mean_14d', -0.7683629457656997)]"
2026-01-12,AC_0038,0.0,17.035968389077215,6.134622274157558,"[('num__base_mean_eta', 4.243211652047334), ('num__base_stockout_rate', 2.6248188016652954), ('cat__base_BASE_C', 1.527901089401346), ('num__environment_stress_mean_14d', -0.9650703258193984), ('num__environment_stress', 0.9486156570697651)]"
2026-01-13,AC_0038,0.0,3.304250379738036,6.134622274157558,"[('num__base_stockout_rate', -3.8567011475908375), ('num__environment_stress_mean_14d', -1.2306005424653013), ('num__mission_intensity_mean_30d', -1.12431667887775), ('num__environment_stress', 0.8541959812636409), ('cat__base_BASE_C', 0.7033537798507342)]"
2026-01-14,AC_0038,0.0,-1.9563049101759726,6.134622274157558,"[('num__base_stockout_rate', -4.2561614799641365), ('num__base_mean_eta', -1.913307656829008), ('num__mission_intensity_mean_30d', -1.4064288710065416), ('num__flight_hours_sum_30d', 0.9011640647925625), ('num__environment_stress', -0.8594119614427718)]"
2026-01-15,AC_0038,0.0,11.183643373388968,6.134622274157558,"[('num__base_mean_eta', -4.57893915332325), ('num__mission_intensity_mean_14d', 3.3676136689650784), ('num__flight_hours_sum_30d', 1.2842938652632254), ('num__environment_stress', 1.157501996212821), ('num__environment_stress_mean_7d', 0.9481311169701158)]"
2026-01-16,AC_0038,39.98,9.649592764637617,6.134622274157558,"[('num__base_stockout_rate', 2.2878070842920817), ('num__mission_intensity_mean_7d', -1.8038993417711946), ('num__environment_stress_mean_30d', 1.7408376043232425), ('num__mission_intensity_mean_30d', -1.4024710537752938), ('num__flight_hours_sum_30d', 1.0753493188128596)]"
2026-01-17,AC_0038,0.0,7.261215392747792,6.134622274157558,"[('num__environment_stress', -2.8306780613516125), ('num__base_mean_eta', 1.9747831131383176), ('num__mission_intensity_mean_14d', 1.9414940489198886), ('num__mission_intensity_mean_30d', -1.2951643166709814), ('num__base_stockout_rate', 1.2209940645480173)]"
2026-01-18,AC_0038,0.0,6.818785704536943,6.134622274157558,"[('num__environment_stress_mean_30d', 2.46824673086633), ('num__mission_intensity_mean_30d', -1.3851806711099925), ('cat__base_BASE_C', 1.0504563457911533), ('num__mission_intensity', 0.6914184359547433), ('num__environment_stress', -0.516800143259048)]"
2026-01-19,AC_0038,5.51,5.5651638696045795,6.134622274157558,"[('num__mission_intensity_mean_14d', -2.023222477420479), ('num__base_stockout_rate', 2.0088080601349714), ('num__environment_stress_mean_30d', 1.6809946873873807), ('num__base_mean_eta', -1.4677390662021128), ('num__mission_intensity_mean_30d', -1.4121650062725397)]"
2026-01-20,AC_0038,0.0,16.530593975368088,6.134622274157558,"[('num__base_mean_eta', 4.044636783034491), ('num__mission_intensity_mean_14d', 2.5965157762357296), ('num__environment_stress', 2.4866806705408635), ('num__environment_stress_mean_7d', 2.219718512735005), ('cat__base_BASE_C', 1.3299126332313143)]"
2026-01-21,AC_0038,0.0,16.414414541838692,6.134622274157558,"[('num__base_stockout_rate', 2.659839120182639), ('num__base_mean_eta', 2.447791414211847), ('num__mission_intensity_mean_30d', -1.89546553864814), ('num__mission_intensity_mean_7d', 1.8781611151650228), ('num__mission_intensity_mean_14d', -1.8614407181175636)]"
2026-01-22,AC_0038,0.0,5.114060136653132,6.134622274157558,"[('num__base_mean_eta', -1.8992074395204401), ('num__mission_intensity_mean_30d', -1.3345171655193362), ('num__base_stockout_rate', 0.8395773744622919), ('num__airframe_age_years', 0.756643645039498), ('num__mission_intensity', 0.7307035423677875)]"
2026-01-23,AC_0038,0.0,9.180472195050115,6.134622274157558,"[('num__environment_stress', 3.7666439382184396), ('num__base_stockout_rate', -2.5898713617207147), ('num__flight_hours_sum_14d', 1.5374627022764757), ('num__mission_intensity', -0.9531130593648115), ('cat__unit_id_UNIT_04', 0.8326814793236883)]"
2026-01-24,AC_0038,0.0,8.914453826254393,6.134622274157558,"[('num__base_mean_eta', 2.2305268737463826), ('num__mission_intensity', 1.2950811082273552), ('num__environment_stress_mean_7d', 1.148999249525254), ('num__flight_hours', -1.1100652755157068), ('cat__base_BASE_C', 0.9439147550005127)]"
2026-01-25,AC_0038,0.0,3.9607163642890932,6.134622274157558,"[('num__base_mean_eta', -2.376331590672896), ('num__environment_stress_mean_7d', 2.293236665670618), ('num__base_stockout_rate', 1.3742762230279941), ('num__environment_stress_mean_30d', -1.1418495767801862), ('num__flight_hours_sum_14d', 0.9891657087080963)]"
2026-01-26,AC_0038,0.0,-2.6692867667198126,6.134622274157558,"[('num__base_mean_eta', -2.879835862899969), ('num__flight_hours_sum_30d', -2.2167605896462814), ('num__environment_stress_mean_7d', -1.3861823523570656), ('num__mission_intensity_mean_30d', -1.1593364419743992), ('num__flight_hours_sum_7d', 1.0989418023768345)]"
2026-01-27,AC_0038,5.69,6.251815052052419,6.134622274157558,"[('num__base_mean_eta', 3.810924844407362), ('num__environment_stress', -2.977011844076378), ('num__base_stockout_rate', -2.0865608456234255), ('num__mission_intensity_mean_7d', 1.1442128487391925), ('cat__base_BASE_C', 0.8036840960277508)]"
2026-01-28,AC_0038,0.0,2.3897374685946478,6.134622274157558,"[('num__base_mean_eta', -4.775481030393328), ('num__mission_intensity_mean_7d', 2.106034730192531), ('num__base_stockout_rate', 1.9810960683982997), ('num__environment_stress', -1.1851657690614534), ('num__mission_intensity_mean_30d', -1.0956256309366603)]"
2026-01-29,AC_0038,0.0,11.052530519771155,6.134622274157558,"[('num__base_mean_eta', 8.230444939446446), ('num__base_stockout_rate', -3.262667560061668), ('num__mission_intensity_mean_7d', 1.2365657885225796), ('num__mission_intensity_mean_30d', -1.1340643323144821), ('num__environment_stress', -1.100431604167789)]"
2026-01-30,AC_0038,0.0,21.286482559157477,6.134622274157558,"[('num__base_stockout_rate', 4.405123022522586), ('num__environment_stress', 3.15013945481727), ('num__base_mean_eta', 2.7337610212951846), ('num__mission_intensity_mean_7d', 1.8175822507403276), ('num__flight_hours_sum_14d', 1.5945905708811179)]"
2026-01-31,AC_0038,0.0,0.1941132872635811,6.134622274157558,"[('num__base_mean_eta', -2.069179634697647), ('num__flight_hours_sum_30d', -1.6652486641532847), ('num__environment_stress', -1.6427597676578614), ('num__mission_intensity_mean_30d', -0.8964764388582755), ('num__mission_intensity_mean_7d', -0.6612862712035698)]"
2026-02-01,AC_0038,28.08,2.599287295937462,6.134622274157558,"[('num__base_mean_eta', -2.79928013251363), ('num__flight_hours_sum_30d', -1.8266910381458377), ('num__environment_stress_mean_7d', 0.8145829216754948), ('num__environment_stress_mean_14d', -0.6569774973290982), ('num__environment_stress_mean_30d', -0.6268427231429793)]"
2026-02-02,AC_0038,0.0,11.384411002230214,6.134622274157558,"[('num__base_stockout_rate', 5.406529449601985), ('num__base_mean_eta', -4.064197204591497), ('num__mission_intensity_mean_7d', 3.475768812825737), ('num__mission_intensity_mean_30d', -1.316056597781115), ('num__flight_hours_sum_30d', -1.100512558523011)]"
2026-02-03,AC_0038,0.0,8.138153915267347,6.134622274157558,"[('num__flight_hours_sum_30d', -2.450399769073072), ('num__base_mean_eta', 1.8809459422774069), ('cat__base_BASE_C', 1.3330829454676447), ('num__flight_hours_sum_14d', -0.7799060779037418), ('num__airframe_age_years', 0.693512805242307)]"
2026-02-04,AC_0038,0.0,1.5935857365209207,6.134622274157558,"[('num__base_stockout_rate', -3.2413797138509324), ('num__flight_hours', -1.8123172989317362), ('num__environment_stress', 1.4973873813771257), ('num__flight_hours_sum_30d', -1.0614643142161655), ('cat__base_BASE_C', 0.6646455510603189)]"
2026-02-05,AC_0038,0.0,1.4712035500427492,6.134622274157558,"[('num__base_mean_eta', -2.667569465979762), ('num__flight_hours_sum_30d', -2.394988280459956), ('num__flight_hours', 1.0098438814078305), ('num__mission_intensity_mean_7d', -0.7103078204967244), ('cat__unit_id_UNIT_04', 0.6909118077014018)]"
2026-02-06,AC_0038,0.0,7.2108282437859135,6.134622274157558,"[('num__base_mean_eta', 2.397141597549123), ('num__flight_hours_sum_30d', -2.037921242425839), ('num__environment_stress', -1.7955467991884606), ('num__mission_intensity_mean_30d', -1.070035755837993), ('num__flight_hours', 1.0511653658654996)]"
2026-01-08,AC_0039,31.9,-0.37028419922317063,6.134622274157558,"[('num__base_mean_eta', -4.309198023919659), ('num__mission_intensity_mean_14d', -1.402314813114412), ('num__flight_hours_sum_7d', -1.2895482854717406), ('num__flight_hours_sum_14d', -1.259620842602015), ('num__base_stockout_rate', 1.2237450225484947)]"
2026-01-09,AC_0039,0.0,3.8813343934166173,6.134622274157558,"[('num__base_mean_eta', 2.445798969861261), ('num__mission_intensity', -1.6692896321434663), ('num__mission_intensity_mean_30d', -1.3121149954821996), ('num__flight_hours', -1.184563312377101), ('num__flight_hours_sum_7d', 1.0779621020586183)]"
2026-01-10,AC_0039,0.0,21.660334658491635,6.134622274157558,"[('num__base_mean_eta', 4.15339032944412), ('num__flight_hours_sum_7d', 2.673640154312709), ('cat__base_BASE_C', 2.1319980165129975), ('num__mission_intensity_mean_14d', 1.9874430376338268), ('num__environment_stress', 1.2241445061572769)]"
2026-01-11,AC_0039,0.0,5.117436528947997,6.134622274157558,"[('num__base_mean_eta', -2.5799630270441325), ('num__flight_hours_sum_7d', -1.3212506771423709), ('cat__base_BASE_C', 0.7603936286322737), ('num__base_stockout_rate', 0.7435652529718578), ('num__flight_hours_sum_30d', 0.694199243603238)]"
2026-01-12,AC_0039,0.0,21.115072055193718,6.134622274157558,"[('num__base_mean_eta', 5.852133918063605), ('num__flight_hours_sum_30d', 1.8014742948645095), ('num__environment_stress_mean_14d', 1.778002964409942), ('num__flight_hours_sum_14d', 0.9265226043224571), ('num__environment_stress', -0.8832179359248102)]"
2026-01-13,AC_0039,0.0,0.43774039111469004,6.134622274157558,"[('num__base_stockout_rate', -4.715537898806113), ('num__environment_stress_mean_14d', 2.7473761820178653), ('num__base_mean_eta', -2.1928349929147046), ('num__environment_stress_mean_7d', -1.1166744514118632), ('num__environment_stress', -1.0829034899751526)]"
2026-01-14,AC_0039,0.0,1.038294757464047,6.134622274157558,"[('num__base_stockout_rate', -4.841003477620437), ('num__environment_stress_mean_14d', 2.6764926113684377), ('num__base_mean_eta', -2.5269130100299284), ('num__mission_intensity', -1.4327275782443876), ('num__environment_stress', 0.6123933349708478)]"
2026-01-15,AC_0039,0.0,3.1889442256101144,6.134622274157558,"[('num__base_mean_eta', -2.553056386343237), ('num__flight_hours_sum_14d', -2.5216781130819284), ('num__environment_stress_mean_14d', 1.4639915123671938), ('num__environment_stress', 1.2417919222963836), ('num__mission_intensity_mean_7d', -1.1481562474287774)]"
2026-01-16,AC_0039,0.0,10.394523189581301,6.134622274157558,"[('num__environment_stress', 2.7229847239543994), ('num__eta_days_mean_30d', 1.2878675418051253), ('num__base_stockout_rate', 1.1710567944829666), ('cat__base_BASE_C', 0.9808181529059166), ('num__flight_hours_sum_30d', 0.9741562103395047)]"
2026-01-17,AC_0039,0.0,11.31087969771481,6.134622274157558,"[('num__base_mean_eta', 2.004563274021266), ('num__base_stockout_rate', 1.7024502658422356), ('num__flight_hours_sum_14d', 1.1669837086222823), ('num__mission_intensity', -1.1468840369267284), ('num__mission_intensity_mean_30d', 1.0928113125840508)]"
2026-01-18,AC_0039,0.0,13.27763059844281,6.134622274157558,"[('num__base_stockout_rate', 4.366806483977479), ('num__base_mean_eta', -2.236744710087081), ('num__environment_stress', -2.104048390746477), ('num__eta_days_mean_30d', 1.1525505350054022), ('num__environment_stress_mean_14d', 1.1061778640455422)]"
2026-01-19,AC_0039,5.51,9.464359638680689,6.134622274157558,"[('num__base_mean_eta', -1.8680465644528756), ('num__flight_hours_sum_30d', 1.339123994378769), ('num__eta_days_mean_30d', 1.182378382178228), ('num__mission_intensity', 1.1702254873006324), ('num__environment_stress_mean_14d', 0.9466056660591542)]"
2026-01-20,AC_0039,0.0,11.232517709825833,6.134622274157558,"[('num__environment_stress', 3.9522170679379696), ('num__environment_stress_mean_7d', -1.519064318808505), ('num__base_mean_eta', -1.1927390235763553), ('num__eta_days_mean_30d', 1.112554966379831), ('num__flight_hours_sum_14d', 0.9214082093795333)]"
2026-01-21,AC_0039,0.0,7.684688881371396,6.134622274157558,"[('num__environment_stress', 1.7600231400464807), ('num__base_stockout_rate', -1.4513454911368902), ('num__environment_stress_mean_14d', -1.171894997241396), ('num__eta_days_mean_30d', 0.992875614470068), ('num__mission_intensity', 0.9826489510205983)]"
2026-01-22,AC_0039,0.0,13.51770526902861,6.134622274157558,"[('num__base_stockout_rate', 2.603631099130491), ('num__mission_intensity_mean_7d', 2.3639599080330105), ('num__base_mean_eta', 1.7006534503980972), ('num__environment_stress_mean_7d', -1.5452466972317764), ('cat__base_BASE_C', 0.9912008927415417)]"
2026-01-23,AC_0039,0.0,4.932181588900532,6.134622274157558,"[('num__base_stockout_rate', -1.7091041042663162), ('num__environment_stress_mean_30d', 1.3483162655455736), ('num__flight_hours', -1.1650709768922785), ('num__eta_days_mean_30d', 1.1552771246652507), ('num__environment_stress_mean_7d', -1.0692961622691717)]"
2026-01-24,AC_0039,0.0,9.853974665199543,6.134622274157558,"[('num__environment_stress', 3.0327000649726816), ('num__mission_intensity_mean_7d', 1.7913030706458466), ('num__eta_days_mean_30d', 1.2673790524202393), ('num__base_mean_eta', -0.9836974148614863), ('num__environment_stress_mean_14d', -0.8552264802747989)]"
2026-01-25,AC_0039,0.0,4.029104045657201,6.134622274157558,"[('num__environment_stress', 3.2795035824314565), ('num__environment_stress_mean_14d', -1.5750329245390988), ('num__environment_stress_mean_7d', -1.3969468145619053), ('num__base_mean_eta', -1.172482008625297), ('num__flight_hours', -0.9818590448683311)]"
2026-01-26,AC_0039,0.0,-2.737627877050866,6.134622274157558,"[('num__base_mean_eta', -5.0637398204860125), ('num__environment_stress', -1.4041788859282467), ('num__environment_stress_mean_14d', -1.077791534653146), ('num__environment_stress_mean_7d', -1.0491829400455446), ('num__flight_hours', 0.732756189060769)]"
2026-01-27,AC_0039,5.69,18.024793144718487,6.134622274157558,"[('num__base_mean_eta', 5.156187283775831), ('num__mission_intensity_mean_7d', 1.9487840461261572), ('num__environment_stress_mean_7d', 1.3628045556744048), ('cat__base_BASE_C', 1.3607920869030778), ('num__base_stockout_rate', 1.0258367815124716)]"
2026-01-28,AC_0039,0.0,2.868322086692627,6.134622274157558,"[('num__environment_stress', -1.9223710778967484), ('num__base_mean_eta', 1.8137438058347888), ('num__mission_intensity', -1.080749477133837), ('num__flight_hours_sum_30d', -0.8280016427356057), ('num__environment_stress_mean_7d', -0.609833977107027)]"
2026-01-29,AC_0039,0.0,1.3466717064890399,6.134622274157558,"[('num__base_mean_eta', -2.659480663461099), ('num__flight_hours_sum_30d', -1.2019011392103283), ('num__flight_hours', 1.0270577460183068), ('num__environment_stress_mean_14d', -0.7615698533252445), ('num__flight_hours_sum_7d', -0.6901884567856033)]"
2026-01-30,AC_0039,0.0,14.553454620015415,6.134622274157558,"[('num__base_mean_eta', 4.86998114973928), ('num__base_stockout_rate', 2.6988972038789067), ('num__mission_intensity_mean_30d', 1.0592581468279934), ('num__flight_hours', -0.9642717405640997), ('cat__base_BASE_C', 0.959427286016268)]"
2026-01-31,AC_0039,0.0,4.637174670135798,6.134622274157558,"[('num__environment_stress', 3.6894912681492755), ('num__base_mean_eta', -2.363042236512675), ('num__flight_hours_sum_30d', -1.381313695849736), ('num__mission_intensity_mean_30d', 1.2123970883035935), ('num__environment_stress_mean_14d', -1.1617837255793153)]"
2026-02-01,AC_0039,28.08,4.376042427605976,6.134622274157558,"[('num__base_mean_eta', -1.9417412169149955), ('num__mission_intensity', 1.4728440218088261), ('num__mission_intensity_mean_30d', 1.3306255785495185), ('num__flight_hours_sum_30d', -1.2599632797329803), ('num__environment_stress_mean_30d', 1.0332492612446498)]"
2026-02-02,AC_0039,0.0,-0.5772017561236971,6.134622274157558,"[('num__base_mean_eta', -2.0207898370465793), ('num__mission_intensity', -1.1048067523558145), ('num__flight_hours_sum_30d', -1.0328308162028914), ('num__environment_stress_mean_30d', 0.9861368191651393), ('num__environment_stress_mean_7d', -0.7148698153175805)]"
2026-02-03,AC_0039,0.0,-1.3472942026376955,6.134622274157558,"[('num__environment_stress', -3.07977460976463), ('num__base_mean_eta', -1.9847576148764592), ('num__flight_hours_sum_30d', -1.1666226061016902), ('num__mission_intensity', 0.7905377286078665), ('num__base_stockout_rate', 0.7164355722283747)]"
2026-02-04,AC_0039,0.0,0.003498551920254162,6.134622274157558,"[('num__flight_hours_sum_30d', -1.5540277684537653), ('num__base_mean_eta', -1.4500869669336574), ('num__flight_hours', -0.9437617940784314), ('num__environment_stress_mean_14d', -0.753611756932301), ('cat__base_BASE_A', -0.7011717754209945)]"
2026-02-05,AC_0039,0.0,-1.2994417850277016,6.134622274157558,"[('num__base_stockout_rate', -1.5784343733596589), ('num__environment_stress', -1.4607731398371762), ('num__flight_hours_sum_30d', -1.3894322141877335), ('num__base_mean_eta', -1.3796998244705692), ('num__mission_intensity', 0.7755362352559256)]"
2026-02-06,AC_0039,0.0,2.530004036370184,6.134622274157558,"[('num__flight_hours_sum_30d', -1.0576364630961381), ('num__environment_stress_mean_30d', -0.979743986497203), ('num__mission_intensity_mean_30d', -0.9470391350200186), ('num__flight_hours', -0.9380138514657934), ('num__environment_stress_mean_7d', -0.9366966669921624)]"
2026-01-08,AC_0040,31.9,4.925538791882987,6.134622274157558,"[('num__base_mean_eta', -3.619473451234205), ('num__environment_stress_mean_14d', 2.0034837916195043), ('num__flight_hours_sum_14d', -1.6377251807403597), ('num__environment_stress_mean_30d', 1.4334732465558295), ('num__base_stockout_rate', 1.2692617840260472)]"
2026-01-09,AC_0040,0.0,13.640807988022079,6.134622274157558,"[('num__base_mean_eta', 3.6567942238902287), ('num__environment_stress_mean_30d', 1.2344507954899753), ('num__base_stockout_rate', 1.2114139038007377), ('cat__base_BASE_C', 1.1412962026300906), ('num__flight_hours_sum_7d', 1.0708217955724135)]"
2026-01-10,AC_0040,0.0,14.138426957965724,6.134622274157558,"[('num__base_mean_eta', 3.808797837850958), ('num__flight_hours_sum_7d', 2.3289385157688587), ('num__flight_hours', -2.0163114675361467), ('num__environment_stress_mean_14d', 1.8040352051928807), ('num__environment_stress_mean_30d', 1.201644280175861)]"
2026-01-11,AC_0040,0.0,7.75363006366794,6.134622274157558,"[('num__base_mean_eta', -1.9678132912303687), ('num__flight_hours_sum_7d', 1.9656386266749815), ('num__environment_stress', -1.684791852159711), ('num__flight_hours', 0.9116883111522951), ('num__base_stockout_rate', 0.853955292344051)]"
2026-01-12,AC_0040,0.0,16.883167199628996,6.134622274157558,"[('num__base_mean_eta', 2.9359157448439945), ('num__environment_stress', 1.8972406549118936), ('num__flight_hours_sum_7d', 1.8074463445732802), ('num__flight_hours_sum_30d', 1.7795992436109007), ('num__environment_stress_mean_14d', 1.7104005731218401)]"
2026-01-13,AC_0040,0.0,10.034483185378305,6.134622274157558,"[('num__base_stockout_rate', -3.2684584129200265), ('num__flight_hours_sum_7d', 2.522504434028071), ('num__mission_intensity_mean_7d', 2.236247361641701), ('num__base_mean_eta', -1.9855703924479435), ('num__mission_intensity', 1.4459853737279724)]"
2026-01-14,AC_0040,0.0,5.827918129599211,6.134622274157558,"[('num__base_stockout_rate', -2.9698454231985587), ('num__mission_intensity_mean_7d', 2.010200591953293), ('num__base_mean_eta', -1.7808368947299944), ('num__mission_intensity', 0.856540511585146), ('num__mission_intensity_mean_14d', 0.8484241575147516)]"
2026-01-15,AC_0040,0.0,1.7207678886903297,6.134622274157558,"[('num__flight_hours_sum_14d', -1.6333223620888906), ('num__base_mean_eta', -1.3655152821058527), ('num__base_stockout_rate', 1.11413759824063), ('num__mission_intensity_mean_14d', -0.9840097586863978), ('num__mission_intensity', -0.9358443749227766)]"
2026-01-16,AC_0040,0.0,3.8671757250311,6.134622274157558,"[('num__environment_stress_mean_30d', -1.410566275914587), ('num__base_mean_eta', -1.2744446882363876), ('num__environment_stress_mean_14d', -1.2545250364951483), ('cat__base_BASE_C', 0.6176483433976384), ('num__mission_intensity_mean_7d', 0.5288765924828169)]"
2026-01-17,AC_0040,0.0,10.81390018900473,6.134622274157558,"[('num__mission_intensity_mean_7d', 1.754311586596825), ('num__base_stockout_rate', 1.3092262269387247), ('num__base_mean_eta', 1.2808430366035772), ('num__flight_hours_sum_30d', 0.8517607861671814), ('num__environment_stress_mean_7d', -0.6996791346205479)]"
2026-01-18,AC_0040,0.0,-1.9776201512639668,6.134622274157558,"[('num__base_mean_eta', -3.0729950744183454), ('num__flight_hours_sum_14d', -1.9459069158159201), ('num__mission_intensity_mean_14d', -1.2975965246217975), ('num__environment_stress_mean_30d', -0.772035112430542), ('num__environment_stress_mean_7d', -0.6988435611477781)]"
2026-01-19,AC_0040,5.51,1.9503921554166357,6.134622274157558,"[('num__base_mean_eta', -1.652469652939311), ('num__flight_hours_sum_14d', -1.4456556773742584), ('num__mission_intensity_mean_7d', 1.415212604897407), ('num__environment_stress_mean_7d', -1.2803746920854977), ('num__environment_stress_mean_30d', -0.6483980116184472)]"
2026-01-20,AC_0040,0.0,5.598787170764048,6.134622274157558,"[('num__environment_stress', 3.476424947335614), ('num__mission_intensity_mean_7d', 1.7105495604271064), ('num__base_mean_eta', -1.298849292799481), ('num__mission_intensity', -1.0173434431848898), ('num__flight_hours_sum_14d', -0.973522989861343)]"
2026-01-21,AC_0040,0.0,3.97455179532232,6.134622274157558,"[('num__base_stockout_rate', -1.837644025311527), ('num__flight_hours_sum_30d', 1.512520748265833), ('num__environment_stress_mean_14d', -0.9173641932856191), ('num__flight_hours_sum_14d', 0.8246735711781396), ('num__mission_intensity_mean_7d', 0.8233224298801959)]"
2026-01-22,AC_0040,0.0,10.424978244868338,6.134622274157558,"[('num__mission_intensity_mean_7d', 1.9557513668143924), ('num__base_stockout_rate', 1.5835041101181004), ('num__mission_intensity_mean_14d', -1.4740246146825924), ('num__base_mean_eta', 1.3554323832508937), ('num__flight_hours_sum_14d', 1.1108797600424838)]"
2026-01-23,AC_0040,0.0,6.869515075943357,6.134622274157558,"[('num__base_stockout_rate', -2.2483775838796247), ('num__environment_stress', 1.7808450555585682), ('num__base_mean_eta', -1.4516456882471513), ('num__flight_hours_sum_30d', 1.3850118551400517), ('num__mission_intensity_mean_7d', 1.2332884828700164)]"
2026-01-24,AC_0040,0.0,1.3086956808660675,6.134622274157558,"[('num__base_mean_eta', -2.056828803658477), ('num__mission_intensity_mean_30d', -1.0770236457266584), ('num__environment_stress_mean_7d', -1.0575600416208195), ('num__environment_stress_mean_14d', -0.8546057428089938), ('num__environment_stress_mean_30d', -0.6402009492380034)]"
2026-01-25,AC_0040,0.0,3.816899217353077,6.134622274157558,"[('num__environment_stress', 2.3964854115766863), ('num__environment_stress_mean_14d', -0.980294180455099), ('num__mission_intensity_mean_30d', -0.9514978706996355), ('num__mission_intensity', -0.9314049495017642), ('num__base_mean_eta', -0.7224594927760489)]"
2026-01-26,AC_0040,0.0,0.8572498433218777,6.134622274157558,"[('num__base_mean_eta', -4.8373355536056435), ('num__mission_intensity_mean_7d', -0.7464499099461459), ('num__environment_stress', 0.6117598187000407), ('num__flight_hours_sum_30d', 0.5968530663495152), ('num__mission_intensity_mean_30d', -0.5940477558293316)]"
2026-01-27,AC_0040,5.69,10.992808770468338,6.134622274157558,"[('num__base_mean_eta', 3.888342855045768), ('num__flight_hours', -1.801579371383384), ('num__environment_stress', 1.5952996875517327), ('num__base_stockout_rate', 1.2141353721755226), ('num__environment_stress_mean_7d', 0.9530586786142923)]"
2026-01-28,AC_0040,0.0,3.9925088724215527,6.134622274157558,"[('num__environment_stress_mean_7d', -2.050110120285658), ('num__base_mean_eta', 1.7198518661715632), ('num__environment_stress', -1.1345613658334), ('num__flight_hours_sum_14d', 0.7359251689635409), ('num__mission_intensity', 0.6403515025677832)]"
2026-01-29,AC_0040,0.0,-1.4739422324522675,6.134622274157558,"[('num__base_mean_eta', -1.9405573058159418), ('num__environment_stress_mean_7d', -1.6521027074058472), ('num__flight_hours', -1.0577049745783367), ('num__mission_intensity', -0.9356831332502016), ('num__flight_hours_sum_14d', 0.9305460973476594)]"
2026-01-30,AC_0040,0.0,11.485497352141486,6.134622274157558,"[('num__base_mean_eta', 4.8750141830790215), ('num__base_stockout_rate', 3.3917988994184336), ('num__flight_hours_sum_14d', 1.5613543916378878), ('num__mission_intensity_mean_7d', -1.228272396989262), ('num__mission_intensity', -1.1951743127455658)]"
2026-01-31,AC_0040,0.0,4.8502612929331,6.134622274157558,"[('num__base_mean_eta', -1.9623454552067978), ('num__mission_intensity', 1.8171503680622674), ('num__flight_hours', 1.5887145024804663), ('num__flight_hours_sum_7d', 1.2182867952372212), ('num__mission_intensity_mean_7d', -0.97601778946945)]"
2026-02-01,AC_0040,28.08,7.871539893952778,6.134622274157558,"[('num__flight_hours_sum_14d', 2.470948837243828), ('num__flight_hours', -2.354249583766606), ('num__base_mean_eta', -1.6053291546114339), ('num__mission_intensity', 1.3384550946404223), ('num__environment_stress_mean_7d', 1.2396429772289013)]"
2026-02-02,AC_0040,0.0,-2.3539960595856897,6.134622274157558,"[('num__base_mean_eta', -1.9459430882057565), ('num__environment_stress', -1.6830681224408082), ('num__environment_stress_mean_14d', -1.3435215065147081), ('num__mission_intensity', -1.0465888153654592), ('num__mission_intensity_mean_30d', 0.723889668320221)]"
2026-02-03,AC_0040,0.0,-1.750065608770837,6.134622274157558,"[('num__base_mean_eta', -2.460458444503434), ('num__flight_hours', -2.3216647597456204), ('num__mission_intensity_mean_7d', -1.019940940909854), ('num__environment_stress_mean_14d', -0.740917229774058), ('num__flight_hours_sum_30d', -0.5089716686371949)]"
2026-02-04,AC_0040,0.0,1.9658999931402192,6.134622274157558,"[('num__flight_hours', -2.821928838549951), ('num__environment_stress', 1.692653783640934), ('num__environment_stress_mean_14d', -1.268820178142032), ('num__base_mean_eta', -0.7515112972919475), ('num__flight_hours_sum_14d', -0.7026932216837065)]"
2026-02-05,AC_0040,0.0,5.400437972084664,6.134622274157558,"[('num__environment_stress', 2.2283854646283836), ('num__base_mean_eta', -1.642556021405077), ('num__mission_intensity', 1.6067287864204183), ('num__base_stockout_rate', -1.5666870365790455), ('num__environment_stress_mean_30d', 0.9032704487488553)]"
2026-02-06,AC_0040,0.0,1.21479774832897,6.134622274157558,"[('num__environment_stress', -1.8194997480442145), ('num__mission_intensity', -0.8111978676219181), ('num__environment_stress_mean_7d', -0.586072279071583), ('num__flight_hours_sum_14d', 0.5163950242322449), ('num__base_mean_eta', -0.4590404864013619)]"
